"","Genes_combinations","P_value","HR","lowCI","highCI","WT","Mutant","adj.p"
"1","TP53","0","3.54","1.99","6.29","178","15",0
"2","DNMT3A","0.001","1.98","1.32","2.97","145","48",0.01
"3","RUNX1","0.036","1.86","1.04","3.33","177","16",0.24
"4","SMC1A","0.328","1.51","0.66","3.43","187","6",0.85
"5","STAG2","0.34","0.51","0.12","2.05","187","6",0.85
"6","KRAS","0.321","1.47","0.69","3.17","185","8",0.85
"7","U2AF1","0.488","1.31","0.61","2.82","185","8",0.94
"8","SMC3","0.137","1.87","0.82","4.28","186","7",0.548
"9","KIT","0.475","0.7","0.26","1.89","185","8",0.94
"10","IDH2","0.725","1.11","0.62","1.98","173","20",0.94
"11","PHF6","0.999","1","0.41","2.45","187","6",0.999
"12","TTN","0.681","1.23","0.45","3.35","187","6",0.94
"13","PTPN11","0.579","1.24","0.58","2.67","184","9",0.94
"14","NRAS","0.635","0.84","0.41","1.72","178","15",0.94
"15","FLT3","0.121","1.38","0.92","2.08","141","52",0.548
"16","TET2","0.965","1.01","0.54","1.89","176","17",0.999
"17","WT1","0.553","0.79","0.37","1.71","181","12",0.94
"18","NPM1","0.752","1.08","0.68","1.72","160","33",0.94
"19","IDH1","0.813","0.93","0.5","1.73","175","18",0.951111111111111
"20","CEBPA","0.856","0.94","0.46","1.92","180","13",0.951111111111111
